device_id,temperature_c_mean,temperature_c_var,temperature_c_q25,temperature_c_q50,temperature_c_q75,temperature_c_slope,temperature_c_th_exceed_prop,humidity_pct_mean,humidity_pct_var,humidity_pct_q25,humidity_pct_q50,humidity_pct_q75,humidity_pct_slope,humidity_pct_th_exceed_prop,vibration_level_mean,vibration_level_var,vibration_level_q25,vibration_level_q50,vibration_level_q75,vibration_level_slope,vibration_level_th_exceed_prop,pressure_kpa_mean,pressure_kpa_var,pressure_kpa_q25,pressure_kpa_q50,pressure_kpa_q75,pressure_kpa_slope,pressure_kpa_th_exceed_prop,light_lux_mean,light_lux_var,light_lux_q25,light_lux_q50,light_lux_q75,light_lux_slope,light_lux_th_exceed_prop,gas_ppm_mean,gas_ppm_var,gas_ppm_q25,gas_ppm_q50,gas_ppm_q75,gas_ppm_slope,gas_ppm_th_exceed_prop,cluster,pc1,pc2
DEV_001,25.470202878310708,15.71290287009595,22.929662051120445,25.33266266098255,27.62843115926514,8.722021972022823e-05,0.03847507921339838,58.28154404263564,250.55595980254583,44.656028370255626,58.296699167807446,70.87789934806847,-0.002461660214541073,0.0,0.5761186431901516,0.34166535887854554,0.1698906532654989,0.37491739380725186,0.8314942404485092,7.575108917529142e-06,0.03621183925966907,101.8089711087058,4.493285586633711,100.49576236656839,101.4510859697306,102.6301339374879,3.7993927340831485e-05,0.03978272896444199,397.7631737929304,53472.41522661114,200.97467523147387,398.404764986918,594.6964038025338,0.000624613806034283,0.0,408.09253076341366,2197.219481218627,379.0383078295734,409.79696575895963,433.3005996680081,9.495667609684159e-05,0.030780063370718706,1,0.9268343882616941,2.5353253090377805
DEV_002,26.121706667770557,26.72182728177815,23.351373695308524,25.29806261275182,27.912814077617867,-5.9449180413980053e-05,0.04669789935015868,57.6193199606589,249.135824728717,46.54386297039154,58.21141105292287,70.01666325422968,-0.0014679702862658835,0.0,0.6498420509728141,0.417336849684455,0.18023269455285856,0.46506615587947214,0.884018372541437,-1.2501287509438172e-05,0.0584857186035968,101.87115136613882,5.582514830627303,100.50898724432892,101.36706585300747,102.58123618338433,-4.736439493063936e-05,0.04846103470857891,422.3114190561858,42568.250096733726,264.1210711751595,414.4375375130456,603.1035997006046,-0.004840019157126044,0.0,405.7014090815549,2488.7413183301496,375.845968354888,402.1246388260982,430.53824874061036,-0.0015064198046684488,0.04065286383557504,1,1.94497909631678,2.0259654863793233
DEV_003,24.46015582348867,14.337810820856317,22.142375975116856,24.217428468493075,26.923969815208462,-0.00010536250873395665,0.022835633626097866,58.81113281932626,253.44805974438194,45.10707018947663,61.859101885466174,71.39717526790079,-0.0009126008481011384,0.0,0.7049079102248665,0.6779296316210833,0.2029197870250786,0.4387689140019872,0.7689927472167187,2.8962291513281027e-06,0.06092848180677541,101.5664230565241,4.286690268016718,100.4236638950817,101.32288805316793,102.2456893922729,-3.907335821481726e-05,0.031869510664993723,432.0313968489352,46708.54851846721,251.8037672891797,433.36333669016807,621.1873842876278,-0.0001891602737176938,0.0,405.5139318385058,2552.7204109759896,380.4657844953218,402.71778057766306,427.8034485313439,-0.00020198087232606226,0.03347553324968632,0,-3.783595645940664,2.009275029955428
DEV_004,25.389284886960393,12.12892563340145,23.527706003873643,24.946404909467276,27.076846903494925,1.2524257232480671e-05,0.03087909877288272,54.888432947148615,277.7023901319213,39.79553203513538,53.7872454514672,71.03630238831292,0.005395785636130749,0.0,0.7415456798828535,0.44772374925223096,0.2387858873732349,0.5967688959310182,1.0517565947749639,-2.482337311386718e-06,0.05376181854757594,101.49021419248331,3.9038246631071907,100.51484868234805,101.16951906985386,102.02620720533305,-4.752721228438412e-06,0.03092939046469523,403.68263836646804,51737.030592723684,200.28213715415944,412.9240160544876,623.6253913450245,0.004583665992573667,0.0,409.0498217336604,2354.9594439967805,378.31234799604806,403.4222013524078,434.2152458963062,0.0005264898665286372,0.03555622611144639,1,0.29495610874001815,-2.5568281230562793
DEV_005,25.28074636728848,19.01955794209976,22.500586779464538,24.552459120072136,27.359395356040416,5.1093534497242195e-05,0.03413209826822392,59.145245840823094,262.94688650902737,47.50160161902162,59.27311143995769,73.02339901381544,0.0010989175511816,0.0,0.6351063379964864,0.37075212967671917,0.14346069558968325,0.5434607021426088,0.8316799024250561,-9.401638557773607e-06,0.04364679822795006,101.6087055482985,6.323536379707937,100.28344328984721,101.09912062111985,102.0415018273863,8.891256130846162e-05,0.04923479661699557,434.0649494866434,52908.59379809483,222.9054895536481,444.41581489390296,630.4871954901693,-0.006340316314459643,0.0,409.1223931399163,3287.6155668583638,371.29495351712103,402.0785335100287,436.9043378702699,0.0005187202325309313,0.04561014901329037,0,-0.37022137672063343,2.2574064454806857
DEV_006,25.086578026277845,10.98608675842758,22.807503127218126,24.8195659325222,27.33067592327477,-0.00012557892035093503,0.02091292982103358,56.95427815324539,230.53795501052193,45.318937365715925,57.15372576979921,68.95133456906328,0.005987488002670232,0.0,0.7277336002384794,0.83216641532717,0.18638517492606005,0.49522515887350654,0.9498980672023147,1.0342634773514412e-05,0.03011260808365172,101.5818286882376,2.743406409668217,100.51210003485923,101.4522832148939,102.4698387069699,4.364523608004584e-06,0.021767544741604666,368.88359230703537,38191.65292925207,212.5090233235236,336.87029228448114,507.8814079871313,-0.00330482781608153,0.03896038608485823,407.61124424832565,1823.6248312065522,377.5088199612327,408.23723854972616,437.0702413779508,0.00022411537571218198,0.02171727327568872,0,-1.4503544032933682,0.18383884079179183
DEV_007,25.755915830031658,15.718595514904061,23.171738515472423,25.332759795131892,27.71857441351259,-2.3683862235236484e-05,0.04608896475549754,58.24587840858141,258.2716208023453,44.90832771330632,59.93110677188275,72.61039755125645,0.0019532876371913203,0.0,0.7352542315686511,0.6235912504520074,0.1891702635264388,0.485065913308854,1.1227447202960237,3.119781395177201e-06,0.04844863942162868,101.74339852733296,5.052628981553266,100.60052990291302,101.44053133140412,102.27047704243387,-7.084956507535466e-06,0.047544934230344414,406.2750236603016,47077.43815011208,271.7107293820502,409.534200238195,579.7062759329065,0.005479259343075703,0.0,412.07158440487325,2889.9645783996148,378.651342698849,405.83406964639,438.2913888615503,0.00037472628745069186,0.04242393814640024,1,2.0401904312794983,2.2425813574448705
DEV_008,24.874834350033,12.300304815949692,22.614259871892163,24.982474679353203,26.89046904437959,-3.9839400516668885e-05,0.02654423202368408,58.52973417917793,255.04974900235985,46.05971120405273,58.70581659156143,71.49094777004537,-0.004039339099111797,0.0,0.7297266014501357,0.5682306430084028,0.15000440945677518,0.5647686021124663,1.0142184438688642,2.1487874988590395e-05,0.04837171960459632,101.38824216258827,1.8753631847250303,100.50849401917695,101.28011409252892,102.13842577222678,1.7966675692736846e-05,0.032164182849114355,430.8466765210069,44709.22650024812,265.466514876308,442.78816084772507,584.4832137282667,-0.0004015692711130458,0.0,407.1690319062953,2568.7011113907006,372.97208787476137,409.3756712854993,443.35400275411763,-0.00027879643345299045,0.014049877063575694,0,-3.3149182861811464,1.8594987001834602
DEV_009,25.5448307822112,13.557376486048852,23.047154691745213,25.438926069758132,27.79244740911036,-1.206715563298535e-05,0.018401814973531636,58.42433499300204,255.71415134937735,45.67858095938939,56.979553543932646,72.75237065984801,-0.010130629857715123,0.0,0.5980288776230182,0.38266656194373305,0.15899664766663957,0.3665190166372988,0.8144040205216491,4.896138429720596e-06,0.061406604487017895,101.26440145745447,2.0739315422973923,100.37275269512972,101.26410961553032,102.12479286292724,-5.840089005856406e-06,0.014923115704562642,415.2784048591767,48423.6443595217,232.49098083816435,417.2310925193133,576.6099997947438,0.0011036941158777376,0.0,403.7569668695339,2223.2468930227487,373.0388069950432,398.51003887124995,428.32879131378263,-0.0015483258752812448,0.03539198386690194,0,-3.2333101149361294,0.8601579211243343
DEV_010,26.20226864937257,24.009023609756046,23.229017255624793,25.547798591585074,28.041643093384902,4.87758036311568e-05,0.05062111801242236,57.767961312192355,238.9731892993462,45.52638056106564,58.02590252358557,70.50141295587852,-0.002985845073602261,0.0,0.8064691759475338,1.8771904556718857,0.21933220732552167,0.4889065583032926,0.8400849774461399,2.947108824249397e-05,0.0306935817805383,101.95324564872261,6.082755429917647,100.5720473075795,101.38282152143253,102.45908464743817,8.48082126249732e-05,0.05512422360248447,375.8616244526942,50701.08299557892,190.07537459610387,339.8489029155613,558.1078190007629,-0.011731449746998171,0.0,409.4430551562495,3018.641003861314,371.188415852548,402.217494296914,438.67137438736086,0.0006551692240509684,0.04497929606625259,1,5.602805823939813,-0.04720209753508792
DEV_011,25.818238736839366,15.82323131076721,23.422764515129387,25.6532712675509,27.81167447677146,2.451241483072154e-05,0.02754215636177823,56.4945483634765,305.49749936311184,39.69024217105061,57.45797065933215,71.61353611990995,0.002518508014039191,0.0,0.8041790297343953,0.7238575210610156,0.21425259944756592,0.5478645138026284,1.1781252046756487,3.170047649781646e-05,0.039294839039345934,101.83348319167114,4.293021975569827,100.61168910486819,101.69501677915153,102.5408335420855,-2.908147587634784e-05,0.0371486969851814,383.9752432375044,47172.13144475429,222.6239705436931,387.40986600832406,553.753354944387,0.0007885331266026076,0.0,408.51579535077866,3658.002283799681,375.3612016587083,399.25948574849485,430.0137428679311,8.658951248279952e-05,0.04312723556463975,1,3.9919428939138664,-2.128168100420162
DEV_012,25.614951007405967,25.607400152935323,22.637715473138133,24.986995791014458,27.807800030734498,0.00010664981568406101,0.03404255319148936,58.144634806657166,244.900070287737,46.96645260173486,58.2400956587391,70.07046897627525,0.0027327526104308332,0.0,0.6652856258737523,0.8737233137164451,0.13598656318315439,0.37401477810003586,0.870239491596213,1.3484766643384684e-05,0.03961499493414387,101.4854029936613,3.7250779370773945,100.3849751838609,101.19099041102444,102.15071202580486,5.8357323948732155e-05,0.03971631205673759,412.3157849654019,46336.74405886134,227.72433376026956,397.46317199246346,604.0999170492589,-0.0004601855171079698,0.0,393.56680071364923,1774.75418701417,368.81709903712067,395.1114754196347,415.3021793933258,0.0003956753268336283,0.03044579533941236,0,-2.0294186481028906,-1.3063808801167043
DEV_013,24.760505779056423,12.696368641710555,22.751548944168572,25.20859336818958,27.05827982149236,-0.00014059448981336816,0.014363571537717109,57.985451106580825,256.22435648070376,44.662900089956295,58.15386750140884,72.12860626276367,0.0027479431399298,0.0,0.6631230187863809,0.5303431796505892,0.18600244397403692,0.398128689615407,0.8701697656235232,1.3685350489776598e-06,0.0639739214587684,101.43789701856903,2.572422853166975,100.3896774858457,101.37013302649527,102.2582157642551,4.131350327414138e-05,0.02037386033718739,464.80037782205414,43474.64803278162,307.398247539552,461.8793085510011,647.9590716153197,0.0011422851192829215,0.0,403.6918327030819,2113.6098430620546,373.69692325342106,406.95430766892736,432.231197669122,0.0006072548061284429,0.014237812741810678,0,-5.315661291686324,1.226597993584458
DEV_014,25.65398428181182,21.303962472085345,22.55403003097915,25.17506086207741,27.733274440072353,9.913058051937282e-06,0.03862165822340372,55.3198146317282,266.76521787182867,42.16251232418824,54.662777416550185,68.13632319417292,-0.014070137947607012,0.0,0.6181508635932711,0.4816326987476122,0.17563969262831416,0.3859869510907913,0.8478227047852303,-1.8604230471018528e-05,0.025831368811757034,101.63947048509672,4.062714035031175,100.27768288205299,101.2312653742508,102.4985742640688,-3.092307640411302e-05,0.04228319205497316,364.6253134042335,53911.69239698665,160.49397398944677,343.3410799872893,562.5263252471349,-0.0019019048465469366,0.0,401.9650592591354,2279.3405887100753,371.0504572174679,397.21445639672777,424.22209623260323,-2.392694860284939e-05,0.04208256006420224,1,1.8465754205506368,-1.8462785080072897
DEV_015,24.891198626520243,14.732925067135552,22.486027616029347,24.644107435956776,27.000436806017518,6.308428269363066e-06,0.02295049108037683,55.16709798158098,253.04166502964705,42.78307066661801,54.18211535490218,69.6445314415856,0.00012849501350694915,0.0,0.6929011409855214,0.5906251972766955,0.19906171288630423,0.3671834025006262,0.9856302110612573,-2.3789673683515957e-05,0.054269392663860494,101.98478292380665,6.695591544433002,100.6112921304998,101.672489072275,102.59418480821321,-6.331524271100976e-05,0.05141310883944678,392.212829390867,49639.33623363845,201.9060845487363,370.1851178582419,579.0736120831667,-0.004310118622636069,0.0,403.0635590501353,2697.4177394669014,369.71514962432144,396.86237402039063,425.64265103398213,-0.0004873281027128306,0.0408398476648627,1,1.0032213636167855,-2.0033612914265766
DEV_016,25.257023986075524,17.24968207642509,22.7453186461245,25.053387624920163,27.415401841530286,0.00012057039835531409,0.02457890183705664,58.13695051478049,258.10347418273267,45.016376474458205,58.36965205753522,72.24103440513275,0.0017048070195022922,0.0,0.6710465448648885,0.771638444787302,0.20636950544834717,0.41029115201423366,0.7973318930535032,1.1070207577225555e-06,0.061778026563533664,101.95127944539026,3.9417908642204917,100.91834297880894,101.70804876191191,102.37323984222209,7.185652187880128e-06,0.046766067884586024,386.1383588199102,53225.72464897183,191.6471388599855,354.6580693377467,587.5736066298394,0.0012113435367951096,0.0,411.7457364819792,2407.8046291629266,380.93304070499755,404.1772037018983,433.8776506935611,-9.437825474466714e-05,0.034960052923515346,1,1.3397262297968702,1.965242060722625
DEV_017,25.747578657355575,17.89696584737419,22.984825231933957,25.24041346255838,27.87969355001091,-3.785584179822768e-05,0.04107368954165611,57.89359844579382,274.97773363551374,44.40943441403674,58.88304497592432,71.78087402271713,-0.0052054184301281465,0.0,0.8136863799244702,0.7562166209285859,0.23719643905510085,0.6630288995092866,1.0579138962057373,1.2435928948585239e-05,0.03950367181564953,101.99295771075751,4.971309670535447,100.52605886204586,101.64174271126143,102.7633572220486,-5.856374091553204e-06,0.04522663965560902,409.1958597565054,51428.702711533995,225.288629172707,428.9813537854191,599.8929973469021,0.003112124578072335,0.0,410.4295798493412,2687.3596142090396,378.187244975844,406.7826885983493,436.0120987605051,-0.00012410301831124767,0.03524943023550266,1,3.4908098258253992,0.8874860424009908
DEV_018,25.12528379384858,11.674188028207157,22.675273845211983,25.129243656511058,27.199048167786195,9.841975091611704e-06,0.025230397340988066,57.552031575781015,238.59622573693574,44.40793992784609,56.20724090995127,72.08582981490179,-0.0015748136775865658,0.0,0.7017336986909626,0.4255155348997822,0.24308440123225494,0.5301489908264962,0.9222180892346982,-4.439780863687711e-06,0.06315153346426952,101.38500540083453,1.9361900061019526,100.54863657298003,101.42188654657458,102.11944151321762,-2.040847287068995e-05,0.013446139900287053,431.20325459713456,47874.38690673126,258.4738278103871,444.7018607948007,623.9518993675637,-0.0017537287448906524,0.0,399.30528463216166,1944.4111065217105,370.7067144229387,400.2742293976999,426.2839833713308,-0.000518889273188855,0.033841970086115725,0,-3.9334023856987916,-1.7955821923194781
DEV_019,26.001959737745953,17.330370694654423,23.228227075394138,25.93956714186007,27.934868504731728,-3.488199583234256e-05,0.033007149013841705,59.26452441707146,271.39846643810284,45.5654893907054,60.68252719897049,73.34263100230717,-0.00468292714561665,0.0,0.5888083312275639,0.5172772486232943,0.1916320637938269,0.3701189417997819,0.6876723985128605,8.463394052165655e-06,0.028748162044313744,101.99137889526627,8.224058140769547,100.42297223032757,101.44341782884592,102.53608333372635,-3.945575325809424e-05,0.05247680373168382,374.2328764751542,48756.70523932715,204.57325688429376,374.49826864550994,550.0440408204779,0.004822714047037108,0.0,415.43628787992157,2845.5837684690596,381.01579378035353,409.8540992533019,440.404445839858,-0.0011437269756593021,0.03721543375754196,1,3.8028106021378263,5.598485681862775
DEV_020,26.350919826246106,14.010298575983557,23.83426471459638,26.02890474870508,28.42550062996619,-4.734676957251875e-05,0.02954580367658354,56.885552555551,236.4805922731796,44.35789848089989,57.21935283323617,70.52499596527662,-6.77853684844246e-05,0.0,0.7273694346834773,1.4092055659847909,0.13052147280166493,0.45735783294456994,0.883325340745391,7.518794758723287e-06,0.029494597777663986,101.61573038710435,5.353823094830801,100.27519283804557,101.25680811276416,102.30524917074575,4.589229857228966e-06,0.04321777868810487,404.436183542285,44128.72055384256,244.6765561421412,413.0904088870236,556.27186781362,-0.003979524616617777,0.0,415.3857851772954,3004.1093593427936,381.0917126370437,411.5438158941358,441.61430599046594,-0.0001793448316460972,0.03164524553228532,1,2.777481979295768,2.4169296967033898
DEV_021,25.530084096039104,18.362413569348547,23.002923260672056,25.505836544538376,27.479789056523185,-1.442478330037402e-05,0.029798157749031058,56.74991786039569,263.5138360978289,42.50113429812458,55.15092395739145,71.38725164924273,0.008995428026693345,0.0,0.6652197779875935,0.5665908096255418,0.17689945898508522,0.4523735554390376,0.8284984675942775,1.1660012994257695e-05,0.03724769718628882,101.74593322068144,4.438915305762299,100.69005821051302,101.4242468215972,102.26372397277996,2.1131217398220402e-05,0.039814768208587106,382.2271209026446,49756.14253648818,161.77018221624417,401.3807203733903,549.1291751377471,-0.0014833859894443529,0.0,413.68324115995665,2582.469476670424,382.88126479640414,409.52163588761084,435.95459237663056,0.0002693699151049049,0.038254391704837166,1,2.4594748981710235,1.3057373224984545
DEV_022,25.463901027874403,18.228153992153683,22.707847663366174,24.972743182261205,27.19424098212675,9.971749094938489e-05,0.04272773024660292,58.20880325716731,238.13433207331687,46.32540026069444,57.60995872121545,70.49356864188792,-0.004526160116265833,0.0,0.6735321478530496,0.621389960566655,0.23155030871253024,0.46927802426155346,0.8585729318893239,-6.492362287153501e-06,0.03905385002516356,101.88132265510762,3.728132956580895,100.73083338488192,101.57454992323021,102.48900551866893,1.0521600213674087e-05,0.052088575742325116,389.7708275242953,53516.58839113882,199.4565865571392,377.423785640535,561.9452987762281,0.0002798192368465797,0.0,413.9453552370653,4592.616949407444,371.3815271804172,401.68484418038224,438.88225595074033,0.00017698610766591036,0.05465525918470055,1,3.4969507956948567,1.128189599147712
DEV_023,25.651130480182566,17.438341910946402,23.20286562489455,25.22085148528896,27.715362833630678,7.801912310316228e-06,0.02755824694652571,57.034417296042704,241.10295596457811,45.189478625591576,58.54480402881724,70.91918781840428,-0.009190008634544314,0.0,0.6127651868510016,0.3777343585867865,0.2104360327762605,0.41665523264477955,0.8770012569231165,-1.921165771816149e-05,0.02786616032022991,101.45712881717786,1.9971401800377573,100.48658107689513,101.40608993159609,102.14198250696472,-8.587693169237142e-07,0.022785589654110643,395.78428177320325,45282.76083195111,206.81882846382533,359.1083477472457,608.5605378138547,0.006735967795479943,0.0,398.3175701998186,1871.490653729482,368.409800214082,398.676675677935,419.9755701008831,-0.00011040650396007162,0.031715077491532385,0,-2.1389165564106953,-1.3149998407177383
DEV_024,24.59942444845911,12.934836195355814,22.319759939906007,24.472393589809165,26.859862987331276,1.791081196289491e-05,0.030798555377207062,58.38365041256946,263.6045303976654,45.02799457951458,57.66878160414741,71.64227695640777,0.005345824683671803,0.0,0.6903151113158393,0.599394125676807,0.20040081949367675,0.4757494731230469,0.9322457106429178,-1.2351873664585258e-05,0.03140048154093098,101.46690006246102,3.3407517901121864,100.57088108140472,101.36286088151891,102.1146045322531,-4.086103198720931e-05,0.01906099518459069,429.1033776797039,46530.03849618643,247.7126272051701,430.74283375307806,628.3475130535231,-0.005195246895413061,0.0,403.76060713158137,1648.8946701139248,377.3632197423863,403.77334375355156,427.52413433598235,-0.0006319767872303733,0.023224317817014447,0,-4.173902233434349,0.2233606807613388
DEV_025,25.244523985154377,14.978448845849373,23.116165999071953,25.213523189762256,26.957650064404348,7.313528487837603e-05,0.03599102773246329,59.05722355952007,248.20494163675778,45.62846312454253,59.45624776271534,72.71890482893834,0.002757702529726573,0.0,0.8220623960412994,1.460774121908847,0.22516277281744973,0.5690860481909222,0.9628016828473926,5.1525735594865196e-06,0.014630913539967373,101.83418092904418,5.773025609245741,100.66269862585231,101.41490727118571,102.37162105554546,2.6219454005316825e-05,0.029771615008156605,420.98002708322207,54029.65418104928,197.06455336885108,447.1953933142247,614.5439097689616,-4.8062456585003565e-05,0.0,408.7043467336319,2514.2983365380096,375.3109147014467,405.01535943193005,432.82270002419017,0.0008674308503694679,0.041343800978792825,1,1.1414656513680779,0.06591605199239935
DEV_026,25.90313592597754,20.60408495827192,23.279011121658616,25.789720078809317,27.89662077522389,1.389308158118527e-05,0.04637137644435435,57.07514582948259,279.9832129565954,41.74515766846953,58.114280064011794,72.47113014916533,0.0023819597870069543,0.0,0.6849492069823038,0.6552193581182916,0.24370252156865307,0.4836490487348355,0.94097621918333,2.443134089907136e-06,0.028278937766065274,101.77740706710989,5.306033369318229,100.59538855576216,101.46905615266533,102.25344900410681,6.821537070607958e-06,0.04875329414149605,419.3762536655093,56174.485948463596,220.6705198810695,412.0154559518343,642.6385436343279,0.0026439298944394593,0.0,409.2661784554884,2576.833309753121,378.7675205069235,402.47896590622486,431.81795538581855,0.0009358927537137425,0.04510439894587472,1,3.370954955632692,0.1579854073381157
DEV_027,25.903986636713757,18.330414943748423,22.961706548532604,25.441755719336037,28.381447922137816,-9.788028055615195e-05,0.036139713305067635,57.03257227739565,248.05251149309174,43.57013084589354,57.252338735084194,71.16850177493026,0.0023756569179733777,0.0,0.6723592654029082,0.41541169749513496,0.1888357213364794,0.49817573673508003,0.9383658236851888,-9.105990899986779e-06,0.04663840096910963,101.57468042183659,6.076796415592667,100.22117907166168,101.29484112046501,102.21307473560994,-9.16197022849382e-05,0.046436503129416516,443.72269543138634,48622.783734977005,294.38938334442605,480.0872000861817,619.3416209459451,0.00324592435412265,0.0,409.5876477687522,2915.6024625352497,375.3345799019259,404.2123758579993,437.4207192344128,0.0002956635463625594,0.04537653947102766,1,1.0228942265288263,1.6478375467412851
DEV_028,25.16652376947539,13.951505492572194,23.18683118145921,25.19737982005481,27.274685254978934,4.827885706400797e-05,0.01773623041940374,58.05686942473666,235.5394803043815,45.02529426819188,57.86648057999773,70.01847092253807,-0.00016716875139392658,0.0,0.6338106228784625,0.5701970743040353,0.1658495962844605,0.4355484098395818,0.8560448617625288,1.78987229427143e-05,0.04573016675088429,101.43984631615245,2.8866351467014124,100.46333942010638,101.37988467175032,102.30976268113665,4.4990088898877884e-05,0.01662455785750379,406.37217590499614,51111.799416977774,226.6792817033672,380.5907885052712,607.9469930571806,-0.0055803962912803606,0.0,401.10267913863987,1873.8976279640224,374.2452098169414,400.57140935902345,425.744974144619,0.001131041491417035,0.029358261748357758,0,-2.7913015296294503,-0.9905748687836134
DEV_029,25.751195682004695,18.72326928683125,22.959487489768602,25.180231117949702,28.323583787043887,-3.7743078718009414e-05,0.02749849185602252,55.939618298841154,257.6837853023001,42.71401734145057,54.54131916481249,69.89015834553658,0.002906150858051734,0.0,0.772793327279042,0.9607087474237939,0.25568024172029963,0.5614513267029796,0.98521603677304,1.8183762267615238e-05,0.024482203901065754,101.38132289103066,4.0968164142344445,100.07721091490359,100.97942537574929,102.21226481896763,1.5395167722804572e-05,0.03916147194852202,387.58565723279503,53824.86287739518,164.3948246178947,397.8921440666128,578.4151698683025,0.004898368829057073,0.0,410.27464247495124,2570.900985647346,374.75234860751385,404.39453197525944,438.83287878334,-0.0014772828161599557,0.04927126935296788,1,2.369560077555445,-1.5448456101478543
DEV_030,25.561171147422197,10.227903375235524,23.5578295215496,25.780591686104632,27.408867194895777,4.2977436633095855e-05,0.024538942234415485,55.956416375391804,261.0941207013153,41.52279400664968,55.00935594027857,69.06998260355952,0.00732328246689658,0.0,0.5557124838548533,0.4032747496343307,0.16456240041068826,0.41055094878919274,0.6533234320526524,1.3563971741205257e-05,0.04079662653050856,101.48713919412249,2.2884192473923246,100.61655770806979,101.45927594273579,102.21040847647853,5.187194347108088e-05,0.01595285271554133,411.8641981010687,53985.76344284068,197.120423407098,397.3172602008556,614.9908022823944,-0.005183770522013126,0.0,408.85326808815057,2164.079923981393,383.3341467105005,406.14931603522575,428.0581940675187,0.001147520818515223,0.033175837016714935,0,-0.7221198973067054,-0.6165748328185133
DEV_031,25.327766607262326,20.937811457449687,22.31395804878784,24.589043608958477,27.538527723314846,-0.00018120146130588984,0.049552299552299554,57.92809005564111,257.91137539237116,44.01739903823661,58.78012325233253,70.42141208552798,-0.00015924956321472093,0.0,0.7026674755908147,1.7821351105962966,0.15816351220617078,0.37346058364175216,0.6847601996351652,-8.891550375640399e-06,0.025335775335775336,101.8211501052281,5.279203350236974,100.63251771668797,101.37003880901422,102.49586637724508,-5.5868358613717126e-05,0.0463980463980464,391.2270333225773,52160.64305173285,212.06718531574091,371.55964084957225,620.5632362242127,0.008722393969638895,0.0,411.6007689248578,2691.2216625146566,378.78240047465465,409.152175418337,436.71656397849995,-0.00182372021797643,0.039784289784289786,1,1.8578663148347667,3.5597167140688937
DEV_032,25.201045104160386,10.253019777178984,23.20510094622066,25.02031361407578,27.023887169298256,-7.848143800574631e-07,0.017036550224963348,56.69707961957104,228.8977170786934,43.19465962279595,57.27964837862011,68.92725664435426,0.004859062809501037,0.0,0.6799382178458966,0.489678610323338,0.2096758618912757,0.4807189426983452,0.9477417601786058,1.1943993606579294e-06,0.04019008139123401,101.34604680730398,1.8105663652770927,100.59242154950925,101.2629874059168,102.08467278347815,3.5711565555294685e-05,0.01658156817147768,412.9138618100961,44479.61933832742,225.57333812468363,429.1125202345023,610.0874443172345,-0.005983914418239481,0.0,399.80962142309284,2007.8274305260024,365.7207490268008,398.07921305575894,426.12393562088516,-9.17679415936991e-05,0.0213841565138264,0,-4.152315391847844,-3.2288720888329627
DEV_033,26.35789748169858,17.360291300185303,23.637257742171464,25.953908491824734,28.359032302780875,5.811361943296989e-06,0.025824892187343296,57.81590941467578,268.9966503320882,43.84885498396992,59.410920365927886,72.27016293874314,0.00018816368698181023,0.0,0.5852655950775923,0.49899023370654794,0.1647475166278115,0.41398781359726977,0.7728680306901009,4.335834478110945e-06,0.030037107612075016,101.28078467063604,3.4542990877240674,100.2017011717096,100.89915593395028,101.76179192238337,-7.00852991861464e-05,0.04292448099488517,422.1539517149301,51440.25865940495,224.5877520668876,401.6854923890904,615.7165222375186,0.0017224642881108984,0.0,408.9567398789434,2213.2236049154058,378.20139568516043,403.1835228714739,431.99820486691897,0.0004702627915031184,0.03921371978738341,0,-0.3390515383344476,1.7784370615165745
DEV_034,25.31050672946851,21.734741144888627,22.419616317958283,24.821105987232823,27.52177740483375,7.299534821984246e-05,0.04765510626482912,56.12728225713206,259.7044369185282,42.33697444838768,55.89344310596466,71.07385899349374,-0.005104253655841911,0.0,0.6028297141127082,0.4077610101015357,0.1447699772436557,0.42033601904119455,0.8581310631995109,6.235942442226362e-06,0.05547983239941441,101.8778267175134,5.822936976110748,100.51064351231867,101.34934189554856,102.30199830437716,2.6747894788953418e-05,0.0595184007269423,378.8748267406158,51901.092220244456,178.49812411467076,362.62342868270736,557.8805998078044,-0.006374610251352949,0.0,412.7380646875105,3133.6831669422263,379.8535812303328,408.5370324134471,434.91582398946423,0.0007573679999223285,0.05053258619819274,1,3.635028105644947,1.897735964933897
DEV_035,25.587405923897528,25.25552384835969,22.81550841925899,25.038118551451475,27.22233940818205,4.054216554672629e-05,0.039411587508786025,58.13006586620364,250.11267797839125,46.52933918483497,58.07040733250636,70.75990687588121,-0.0010603283742436531,0.0,0.659702624930607,0.51340565553021,0.16378823645417412,0.4332522547443109,0.7669756082290494,-1.0079234361491393e-05,0.06466512702078522,101.49903038571281,3.9586873141604824,100.40504545020696,101.27289355576372,102.17232922252188,2.3904559113860015e-05,0.04433176021688925,432.40074078513373,44218.32248789971,272.0632356411002,448.4440107006057,605.7274282241,0.005234223344661578,0.0,408.39743427918415,2373.9523483384974,376.78937745815495,400.9459030767589,433.03517629163287,-0.0005296319154171035,0.03956220504066674,0,-1.018248638387012,2.3518341662280053
DEV_036,24.507660020434606,9.335635098603538,22.430002612543205,24.204628859671786,26.181906921360728,9.655045172405906e-06,0.031613809714973906,56.38614819100587,226.7228096613288,44.28838925283278,54.55343869379378,68.83511768148695,0.0010679316316988346,0.0,0.5815569027812431,0.2531247219694596,0.2790724194454737,0.4516644114375585,0.7150720387550072,-7.532464152191374e-06,0.07481934965877157,101.10865041907465,1.6761494081908965,100.18774477946529,101.07774750885602,101.97838897682303,-1.7463499047838405e-05,0.018918105178643115,442.0260258957791,47771.46002591855,252.4459793291269,455.4859583952791,658.1800807902031,-0.004134090378272992,0.0,407.94495014155837,2061.5521646573557,375.87280407583364,403.87421699494575,436.94392959051464,0.00044793061900028156,0.04320553994379767,0,-5.652151051724933,-0.7192575373120769
DEV_037,25.565981820953294,12.484397778502208,23.51440102528604,25.312685176648685,27.6615025594351,7.53219750833275e-05,0.024768425291985502,58.9436268912499,256.6141359317034,44.63715918788456,60.043466711755684,71.90586312341085,0.005940870285088417,0.0,0.6238830976709272,0.3107049555394929,0.18995072011752395,0.470847636486978,0.9030563599560684,-2.568138904087241e-06,0.036548530004027385,101.62291706394974,3.8412670539362894,100.54346283316434,101.4395965397068,102.39400145572182,-1.2924053161810063e-05,0.023660894079742246,413.10759256728966,58516.30909165691,219.9958608709169,385.8407509337114,638.6794064533838,-0.0033560307805016094,0.0,401.78127465246223,2235.789398519158,373.10484091563177,395.06235470424616,425.5610582438757,0.0007217991845009417,0.030658477648006444,0,-1.207962041893164,-0.7091166133676737
DEV_038,25.381042813650723,16.406279966437246,22.849389402613014,25.14506395344885,27.332494733490236,-3.834970696200536e-06,0.03320735701688082,55.623833876451414,281.0048910982111,40.282571911942114,56.01168571861959,70.30357531096493,0.0038782420290537903,0.0,0.5770395731688046,0.35514198420926696,0.1700318348473363,0.3975040826377598,0.765780248988338,8.155218735466503e-06,0.03683547493071303,101.5738502203535,4.057657636374891,100.41772919939643,101.4047832006824,102.34122580053601,-5.046125360855189e-06,0.037137818090199046,396.56303735403696,46209.73449414333,220.8090036602133,416.1235573947281,565.8649591135205,-0.0026183897785108583,0.0,403.3463886318371,2983.0948348773777,369.5403808895738,400.0186048979225,428.3346728088889,-0.00048211861743328226,0.03910304862685815,1,0.13114765947562543,-0.9989008491742671
DEV_039,25.880584650388084,18.78347935157272,23.163058179547363,25.522579773928594,27.589318114104618,-2.9217634615457816e-07,0.035,56.695754986394284,243.52120028443315,44.48451006101435,55.67664209606559,70.67644119281208,0.004921464511530362,0.0,0.7503052692636797,0.9923691438365592,0.2318412361455871,0.5349350068317081,0.9932454467806372,1.2068431270785779e-05,0.02176767676767677,101.5151951718828,4.214244892378604,100.34681927758187,101.19393768525435,102.21253617148464,-6.606703314462684e-06,0.03904040404040404,411.6496207811581,55920.25512972819,174.76957210988846,433.2264633897973,606.6580186476027,-0.005198673329521557,0.0,404.04993095087974,2269.484025042213,372.8915928445394,398.387793808931,429.24747886834024,-0.00029673263142413305,0.036464646464646464,1,1.096629657324816,-2.28592016368058
DEV_040,25.441615655081346,14.78183693888681,22.965796622572327,25.238234538641727,27.704363644956896,2.8061155587811743e-05,0.024900648926002314,57.1384421752926,302.0747385623303,41.47150184749543,58.60159958979949,72.05630340805774,-0.0013661170507809975,0.0,0.6983280744870181,0.4705005978025243,0.2094458094904067,0.4531077418997324,1.1126532552509079,8.224919338891345e-07,0.03792947331354696,101.65099668869603,3.06232333850421,100.5433458314838,101.55189220751107,102.45181949590904,4.4504943475114094e-05,0.03330147391719905,426.3508383451896,46221.52212039982,223.51279332102268,453.6289648347024,604.5682166290394,-0.0017742977849099142,0.0,407.6768196221513,2722.8968781105164,377.7998212647068,398.1964731743817,429.3466742831521,0.0010511336220902301,0.035866995321696266,1,0.3084214396418828,-0.9562839209552104
DEV_041,25.381222029255092,15.12356938081038,23.07450438823866,25.255389328687045,27.185568364684563,5.706029178104745e-06,0.03615733736762481,57.50527485367987,270.1864588353126,44.11139136118171,55.74656970823938,71.7211899093552,-0.0034444764708393247,0.0,0.6105846580292149,0.49774237413061617,0.1703085495483448,0.441022493954182,0.8205079220301159,9.36860875650357e-06,0.03182047402924861,101.63899075929257,2.469654941125434,100.79415545039394,101.47237638268713,102.36213113161479,-3.171188016367661e-05,0.024710035300050427,414.5924859686661,45396.1456040705,245.71605691910784,452.5167944703464,568.9245988429312,-0.0026163027300618934,0.0,410.56878709283984,2036.5694869898612,379.1027347161517,405.92562604536533,435.2487616880099,-0.0011420692382259384,0.034896621280887545,0,-0.598560893158701,1.7598653941093396
DEV_042,24.783869195782707,13.776892640737639,22.1502885699796,24.750940274448688,27.189655058720362,-2.2646339564819344e-05,0.023472765573277158,56.58821636241617,248.1273106149614,42.67506718193726,56.43047874442508,70.18550520615473,-0.002055268355927098,0.0,0.6574825769378285,0.4437105727803405,0.1860780329619279,0.5593103817858529,0.8124507910766756,-2.3753425699157715e-05,0.05376667669776307,101.63104807171152,2.265671591446298,100.6531500003609,101.57979876805616,102.5703824544953,2.736482891343324e-05,0.0158491323101615,443.7424089786539,52159.60454554859,260.1890926196296,427.1175978003528,669.8059274187289,-0.00048672044909908746,0.0,400.56796429252717,1712.1474530236765,372.02674740531154,399.7597631569432,425.1323663533041,-8.44016832747978e-05,0.022269034005416792,0,-3.7050350878040956,-1.473588941367152
DEV_043,25.2881629972835,12.96744166415281,22.678799354427078,25.17340660877352,27.514112368731944,6.846898476267606e-05,0.026135845616167757,58.185947399144325,274.1898519637127,43.79326087192152,58.7024830724509,72.71252746347575,-0.0018984197288412577,0.0,0.742546701876803,0.6564006788660278,0.22839652458758442,0.45739043676655167,0.9438300373879861,1.903362960035079e-05,0.06883452362862787,101.96455237723623,5.707853239233494,100.68065536969078,101.39386173321475,102.50704103480155,0.00011028336730739694,0.048219622144557564,409.9384858274863,59100.709038413144,197.3717519034913,407.7475770626255,634.0137176402711,-0.009686905688729711,0.0,403.7019101837754,3507.028010522997,364.3835406189156,402.16437001292917,433.2177252118797,0.000962135196343254,0.041229802968140605,1,1.5840509543163488,-0.9822416823592299
DEV_044,25.114327107496898,12.536754140746357,22.843411590919185,24.928348236970827,26.797917990873497,0.00013562420980115297,0.028853914447134785,57.58327243419794,241.37408536008348,44.86342387600244,58.69207931436157,70.15443719704324,-0.003249572634909631,0.0,0.6479079610670597,0.35235489542407517,0.22642095449182797,0.45557558951373023,0.9192474610931302,1.4219651005333688e-05,0.035008071025020175,101.40534117966632,3.4481765455880327,100.4711022244921,101.29799203104119,102.04113697205644,8.561394096092351e-05,0.03031678773204197,419.7422732981784,51248.427106227704,228.1540035552193,428.2786655500879,638.3878842338528,0.00740858770080608,0.0,402.79946311687155,2500.250834988201,371.25329454291483,398.18710393666225,433.1630854798648,0.000742888525988223,0.026002221549025546,0,-2.756638680400003,-1.0058950857735132
DEV_045,25.76241701016354,16.269624301827395,23.348802118083174,25.39311092922697,27.76884204487699,0.00011430569761629959,0.05128852956038403,55.76648958910245,254.8531002537936,42.9459923552097,55.676554165869774,68.04699500717429,0.002028414492453257,0.0,0.892094755344577,0.9790392612885326,0.25247378606507875,0.5519043774890823,1.2551802174512423,3.0139136480102685e-05,0.04406265790803436,101.75160958905174,5.304443113678559,100.4825156130155,101.38508369154059,102.43435481402366,7.581475736144109e-05,0.04881253158160687,409.98702491909506,57510.77188499461,191.63909894172545,402.9842552657668,653.1175907645203,-0.004615797446684507,0.0,405.660528272105,2715.241463233198,373.2437575507635,397.94191614290514,431.02534365117907,0.0012822345862693136,0.0392622536634664,1,3.810447308026122,-4.221009399960576
DEV_046,24.94392306769484,16.934253568302847,22.385593670552442,24.71299149935467,27.172059398091044,-7.40068517945772e-05,0.024127729034890837,58.066441595318025,269.05344047434653,42.261505847551426,58.23681801571645,73.89257402222128,-0.0012516479206579492,0.0,0.5661131275767384,0.33463546775466685,0.1730593687179944,0.3316290071412374,0.7935359216033774,1.6759950369794375e-06,0.023726910909276457,101.40820765961358,1.918793438445327,100.66663470963478,101.3421599881562,102.16705583533951,-1.7207808259483214e-05,0.016221179351152824,419.5158603539051,44367.68974181228,228.2836451178936,410.1076472786902,598.4474687431041,-0.00171744414623637,0.0,410.7401050316964,2425.3034335589728,380.42301417204897,410.8876419053095,443.08781596065955,-0.0010480207957288745,0.01877167924913283,0,-3.014748087032649,3.7528709266029554
DEV_047,26.40511504975633,20.89755936080591,23.408496937029366,25.608546840866914,28.065896153939224,-4.9503447982323814e-05,0.05669299260526183,56.45790666991742,260.50318156229184,41.8546935842565,56.96700783146542,70.9112605319828,-0.0021028374169684335,0.0,0.738519726890425,0.8732814557376692,0.20663515489578776,0.4622525747574694,1.0029060097326088,9.208005562571126e-06,0.04602847225715579,101.99535510951861,4.287326130504419,100.77601169762869,101.69490441890325,102.62388124368525,-2.998086033056227e-05,0.053221993058000905,400.87640831300786,57274.62698649635,195.05724133602436,393.2761183061728,636.6413451562106,0.001597981923163534,0.0,414.5689367131181,3087.4200085856387,380.8761596025493,410.6879433680782,435.00374518374156,-0.001050686691392644,0.05060616731223905,1,6.032895980599849,1.3969397455526846
DEV_048,25.40876049565695,12.90332951253738,22.86288745970575,24.929399202953025,27.45048299396494,-1.1447531084747193e-05,0.03583160661040077,58.065994783089245,283.4768999159835,42.01034388324921,58.90519135632222,72.81045162234129,-0.0013663193876410052,0.0,0.5295062595528058,0.5089514161565997,0.1165285827785563,0.33430924445470606,0.7059006970001404,-7.558218462151308e-06,0.036084297771263964,101.4998989732091,3.6826818584777787,100.32272420736555,101.2296311633699,102.30569244828627,-3.051719394269702e-05,0.03007024814271997,413.72998948617203,50313.3152350095,205.9667960804608,442.98709162038,611.0816537775991,0.0035273246449300496,0.0,402.7985319384076,2006.2739270896775,372.89463358294745,400.91772298252135,431.7628145526095,-0.0004033835601322105,0.030626168696618994,0,-2.2650380874793767,1.9549398683676782
DEV_049,25.0314674495501,10.870519728002682,22.90470748432304,24.92325428756743,26.8491982996288,-1.8899270461600242e-05,0.035257535483223836,58.366555418109,281.9009162637786,43.92237198083487,59.186178399293865,73.74317985275887,-0.005390169760661336,0.0,0.623771414925421,0.3074859495931764,0.2012613539440857,0.47246919699123135,0.9471537638252168,-3.834201507896404e-06,0.06529916244545865,101.38430936873056,2.6550851959700172,100.49813345520288,101.27563538173786,102.07781791509464,1.4285183458151422e-05,0.020713175184312153,477.4940470009008,44859.32375787491,349.05003912217563,486.79600681766425,648.5540613348512,-0.0033242150426040407,0.0,402.34651264501576,2231.7135927270874,370.5373626116777,406.29235107560453,436.30069398272616,0.00015954707616937586,0.016901549726666333,0,-5.227624309611009,1.4715686846640619
DEV_050,25.78308809050866,16.469493357066124,23.48354316156869,25.494395136289192,27.68229637908509,5.5619726507374135e-05,0.03595768487437697,58.10097450390397,257.76371746884683,43.8221469393528,59.66879003680542,72.2382627596885,0.0004508721652775424,0.0,0.7656768276253444,0.7278657501940758,0.2159308498082241,0.5062769430266391,0.9596912137297685,1.785480716454256e-06,0.02692365759146495,101.47688251808933,2.9767117087869064,100.55725689523342,101.24348483353249,102.16823127858085,5.659344720482353e-06,0.04589602938956268,451.64252866629744,39667.02826978026,312.11494763291864,481.2438927422142,588.3565252553014,-0.002184754865221737,0.0,410.88341961324784,2517.717448146087,376.6610454831093,407.1937876316021,436.90597629518004,0.0003761482685660674,0.03447234663580091,0,-0.26746644797301855,1.3931217738139863
DEV_051,24.982389764852037,18.351939678145435,22.10461788331881,24.507948126032776,27.261938291314728,9.652226951061762e-07,0.031868517312221276,56.54566023341691,260.6406692236742,43.62068242706312,55.18230462203305,71.02283368936074,0.0045574265263529454,0.0,0.6949950737275578,0.5531818312480009,0.2181915032764088,0.46187795296593515,0.9164239322337203,-2.8844133855637627e-06,0.035426166257453526,101.77312627180537,4.5451186236831465,100.49716486311824,101.58433189391363,102.5500003494578,4.0509587013820976e-05,0.03417347296687879,381.58153848309973,50124.77593165765,183.11782546591544,404.0364154711131,576.5824032788646,-0.004458724260127013,0.0,406.2240445856664,3315.750289635401,372.4624875007858,397.19759691299583,426.9798840469696,-0.00270837809303626,0.039284461592423714,1,0.8257022481683283,-1.2468012130642954
DEV_052,25.984353408988245,14.396878270318558,24.079706273509103,25.737771293837515,27.68982768555776,-5.17882270100368e-05,0.02861430715357679,56.70530744506801,263.0912352606446,43.16109821167903,55.150799214449805,70.57472444692976,-0.0013231281302321257,0.0,0.8393266244802111,0.7790640287970638,0.25654125978998876,0.5577485199147887,1.131655761820629,-8.473746050528694e-06,0.04327163581790895,101.44791233023807,2.5911388112562816,100.53589218241021,101.25390580431952,102.22921267372632,9.13541222851888e-06,0.023311655827913957,377.67672732128534,42768.19704294305,205.69162825993607,372.2430000000113,540.2410256841752,-0.0061094493970273635,0.0005502751375687844,405.3247150365005,2590.245501153045,371.555793392654,399.41730795622016,429.79298459606093,0.00013830079888126268,0.04212106053026513,1,1.4096825823504382,-3.4707308503258325
DEV_053,25.671545362713616,19.635015981827493,22.934796679814323,25.47574967330278,27.932578467910027,-0.00011727662521254919,0.03374386702713528,56.90179002407398,292.3735958896813,42.13245268876744,55.70646532198745,73.19675101404846,-0.004139527424465539,0.0,0.7736240598384102,0.8793629166282468,0.1913617357668556,0.4523849200539556,1.1023422421211988,3.009118493384164e-06,0.03444477821167518,102.0296724218806,4.767713485039298,100.740598484965,101.71613193628079,102.59212694959214,2.275270529085615e-05,0.046860919194953436,412.74931820021374,56432.82659444134,205.5529132073025,432.6511817216953,588.8821850217972,0.0008153399326391719,0.0,409.1088787507805,2136.2951637483156,376.35236641563336,406.5128636546866,435.50943017751814,-0.0004557732684011172,0.031040352458195655,1,3.3461893477412072,0.6697336053845866
DEV_054,25.283018399661078,11.73061582766299,22.952936744573705,25.186102502584987,27.4393470600837,-6.908599288782195e-06,0.019026301063234472,57.16429273223571,238.0519333119309,44.66715453228292,57.52213929067187,70.30180037677468,-0.0008105924891923545,0.0,1.0481054514244517,3.709464239749548,0.24670444373531505,0.5185512685982435,1.0841915917945861,1.9651997528765497e-05,0.02177341405097421,101.58437276143066,2.7685610072062716,100.56810862993976,101.48135168492287,102.298245069374,-1.908891298586405e-05,0.033270590629292364,427.6600745259332,52386.56377210202,237.892685103472,394.8823754091361,655.056658302162,0.002531618325143291,0.0,400.04030367904693,2848.3030059790653,367.84108471713404,394.74420658824954,425.4955678045611,-5.696606156000858e-05,0.03901917891845144,1,-0.13680101057089852,-5.044950700024347
DEV_055,25.067461021241417,9.182723936343905,23.070770895017553,25.28047703724295,27.152505250426067,-7.5496891233099644e-06,0.01809747145187602,57.39532924303071,250.14642697632425,43.4985609126753,57.82080331146125,70.53659178022009,0.006115492610802262,0.0,0.6387803761000157,0.40772242222985283,0.209782837919196,0.416638235670791,0.8694656892022309,-6.922294027245156e-06,0.05602569331158238,101.40984025446934,1.524803576409717,100.51058828606429,101.30420698406841,102.14980263370046,-5.6829565509400525e-05,0.04175163132137031,428.294507487204,46596.14355472202,201.49187891304547,438.7886134722199,607.0867060810799,0.001767828423034563,0.0,397.9736183277748,1705.8303413858605,365.12366831436486,397.3695734847438,425.4879911837667,-0.0002653268903873569,0.02339926590538336,0,-4.143577149077381,-1.8275877850992817
DEV_056,25.405492922555318,15.836624045188037,22.72550631561,25.01819473097751,27.173344659781257,5.940389725849937e-05,0.02917880320915734,57.57216023864778,254.4573143926978,44.205270184573976,57.64093124670744,71.18512163878061,-0.0015218810506923918,0.0,0.6495507754493799,0.4316696552913911,0.18916834380941344,0.4145551627088739,1.0494600101311489,6.229581489251304e-06,0.059532934743727325,101.67416975574228,2.6704539585471423,100.7914306586444,101.55235549134913,102.42232615582762,8.345150395236797e-07,0.026674842863713015,405.43724923797254,50792.17952940819,212.71172024110845,403.1238992449623,597.0028188785774,-0.005564916733730077,0.0,402.3581910760919,2417.2965977056124,369.7805645009301,396.8623067999669,431.1349611746707,0.0008041937572109054,0.026317134242935254,0,-1.172861498174449,-1.0321659150135496
DEV_057,25.865176696433146,15.507990818891912,23.325634645542788,25.47580887764778,28.0231478296323,2.3621530662306662e-05,0.027028394999240774,55.788274330151374,261.38054311741695,41.69461427645392,54.09595065382654,69.90017117575798,0.00295035371308091,0.0,0.7543655050162715,1.631623112359699,0.1997945310076109,0.4369008073410842,0.8741446792445864,-2.470195933194928e-05,0.03598724502707901,101.32269640732629,3.73255922890104,100.23599607908427,101.09768174482043,102.1648995360709,-2.3008969253724763e-05,0.02920483879131447,410.7422210431463,50607.68218174818,190.8792444615079,405.7175523396932,616.3932661158414,0.001750849124163297,0.0,403.97569545676987,2608.608828919543,369.0232646422394,401.6107435268678,434.41817907368454,-0.0022460449834572167,0.029812218454218758,1,0.010814698160025353,-2.0506261726895514
DEV_058,25.52426382159015,14.573748670041136,23.064977555139503,25.493942146048543,27.31691299816331,2.8428909807651937e-06,0.03570533072564064,56.27836959481703,287.40187616984053,42.04036393361837,57.10409107635051,71.33168579301642,0.0006048904023770574,0.0,0.6813054703631808,1.060756422010653,0.17923142600094566,0.41793565823781054,0.8270872489003339,1.5123877773387112e-05,0.03274660247730806,101.6605552173989,5.055541240943823,100.41474535466271,101.36427761572217,102.18974388660656,4.4475296636206684e-05,0.0413218996038313,432.0182089748275,58985.921669587064,188.18985628369092,501.49345531268375,660.367303809493,-0.0002719960887259043,0.0,400.085499744757,2626.0838235194215,364.68866706219535,398.5568528454343,422.39892893990844,-0.00012119120921438129,0.03635725389900206,1,-0.021160154016101308,-2.259976189071211
DEV_059,26.08653795282008,15.835635084678449,23.581463997742926,25.740978543193062,28.023031090628834,-3.525930492217822e-05,0.036113067095865606,56.15272015424365,290.66421642022374,41.76485753329021,55.03358365762324,70.74496856794656,-0.0047733664827431365,0.0,0.8024116342371407,2.3805012734292643,0.23294394728967405,0.4486529818349152,0.8255536527525712,-6.039069820356255e-06,0.02187908661100493,101.55991432736893,3.638963621338169,100.53232922958055,101.30339887772864,102.29581079975134,-5.043478915508997e-05,0.03867820138819032,441.499640531736,56524.76315537879,186.24123649664077,479.4979136193201,635.2312140782162,0.0040205519534195775,0.0,413.8952919314478,2201.248115406298,382.972442310167,409.61943381040976,438.95333754561454,-0.00046959970259535073,0.03425208731515944,1,2.6270392412297703,0.3046211695186229
DEV_060,25.989119896297574,19.18148309378717,23.093902467432837,25.273082889893757,28.114370349348953,-1.1034459271227617e-05,0.03707233871776864,59.16233348899583,263.493971123848,45.49836490401309,60.475706323627335,73.54714984003833,0.007856083348127197,0.0,0.8077825737882938,0.7359638412937359,0.2276853402241762,0.5835347222842566,0.9733000634366251,-8.672054977827003e-06,0.04088492023678138,101.84204440436363,4.499608201930491,100.75516411210151,101.489075808179,102.38817904543696,1.3464660762944364e-05,0.04309220427410455,411.9929683835022,48870.70076631338,211.5732757665689,431.1956094675213,604.8567724330868,0.0027829514100225516,0.0,405.94780097931806,2591.597996758083,370.3486000359678,402.18316031450377,434.35018828202027,-0.0014851114573639962,0.04033309922745059,1,1.9270693643906804,0.8272505272045059
DEV_061,26.21327548451938,13.090672757784475,23.97144858631954,25.65216926524745,28.085842732682693,7.526391769509561e-06,0.049528301886792456,57.59373882431814,256.7897598668329,43.80986573585935,57.67565982985129,71.33263119567917,0.001642568549029145,0.0,0.6170734956195802,0.4006733800676181,0.1714251575928873,0.42965033456162827,0.9087807313986954,4.5330904732240606e-07,0.051635889201124045,101.2047757729086,2.2997881067369934,100.21415721979443,100.92982967426352,102.01346828070946,2.701506660291956e-05,0.02604375752709755,400.43306415610454,47462.17763576126,234.98939108239605,396.652563520701,567.3780926296097,0.005272777577916328,0.0,408.89570299116446,2768.1894574879907,377.04890060272606,406.754465320126,434.72146939121126,-0.0008189093708171686,0.03206543556804496,0,-0.27485099306959837,1.3260562913550904
DEV_062,24.730703090927733,11.604885304813775,22.380990605969085,24.3031769226099,26.826140824123122,-2.897718613673001e-05,0.024876624030617384,58.21033476267186,255.56943048749596,44.52920249512357,57.399960197244695,72.90894535619942,0.0006314937574052297,0.0,0.6112101791763689,1.111654653928299,0.12563286783331934,0.3495482414346744,0.7822378960526994,-1.2608589288383415e-05,0.017021705192123683,101.31982723695099,1.9533225634658904,100.44506511786761,101.26213146032387,102.0840893772854,8.12830959057114e-06,0.01863228925370128,449.7038480497467,48308.83552938713,261.00330209141623,439.4762322688635,663.4990775969706,0.006544963491322975,0.0,406.6330977611866,1729.8167855327758,380.92289150855186,407.6085133416866,431.479635850863,8.17689862221604e-05,0.019387652331554033,0,-5.475777501065708,2.3320587300202047
DEV_063,25.46084167870499,13.692128079916062,23.01053260726653,24.865428973646694,27.306648358253707,3.605897073141538e-05,0.03482814724425463,56.95868647513134,282.89793022833754,42.687210546358,55.78980960097317,72.40361918141735,0.00330748056292767,0.0,0.714902627417619,0.7360927647747078,0.1312494518572496,0.4237718197290912,0.9838516431317406,1.7791907569608143e-05,0.047742525930445395,101.47487476431493,4.143993690962501,100.1511430901217,101.25037008318427,102.30162959408854,-1.345213440841292e-05,0.03345535895871466,394.9437796438846,44510.692699076884,245.95913562126665,385.3461665318416,565.8949681324915,0.0031941221911002977,0.0,408.5135043365717,2904.610913145995,376.11942583941106,404.13678300252786,432.20710643488064,-0.0017619098142435824,0.047488305877567624,1,0.11973190460824351,0.5154065912107519
DEV_064,25.224643968134536,16.054889678999196,22.73030689036939,24.81387395687652,27.32317652883838,3.999158127154746e-05,0.03704448353857753,57.55473071038345,267.38628401607536,44.487321447933965,57.93282030314151,70.66467298389597,-0.0002017299327361077,0.0,0.6564087960180744,0.5917764328055118,0.1789019520489701,0.420569544170764,0.8065823436298937,-1.036450280690974e-05,0.034179442070872076,101.59637418401054,3.180520562152693,100.5823177247174,101.44530070304039,102.36590642437343,3.881359132492657e-06,0.027544609198291027,392.6321823556985,53964.04820740413,184.39658451896375,404.4226356508248,597.4249054780289,-0.003016014611650135,0.0,403.4312129061486,2898.1484242979504,365.93415389436336,400.9860562450725,431.9284169863641,0.0013989320447759129,0.03287258105051521,0,-0.4590637557230899,-0.5185560557053898
DEV_065,25.781339436363808,12.60317454252126,23.605675888428088,25.244004370522497,27.595527754614853,-1.1374326163033268e-05,0.0401036901494358,58.384540326739945,238.97732597418906,44.29845252657563,57.93224535230343,72.95811221218223,-0.0015324652958010451,0.0,0.5678788518312549,0.48960681648760257,0.1230858059211846,0.3826202682195835,0.7787113732758472,-1.1984264424438685e-05,0.048388736403375016,101.57937773962891,2.038696944122701,100.5856143527553,101.32964869705197,102.49956598121089,-3.817274833633192e-05,0.030751245298363324,403.92686288721376,55339.384000805105,182.99329278721677,391.9522723391468,594.8558270401496,-0.001567171043473708,0.0,398.71817715482456,2098.0399278482037,370.02076013477347,399.0957590808199,426.8448236318111,-0.0007959912049544147,0.024550167734065265,0,-1.4720110743109518,0.7022351699463879
DEV_066,25.575601639230634,15.626973651395838,23.14704155302873,25.515875343469396,27.877537668169293,7.343638112496484e-06,0.021281973511272874,56.50311252247248,253.22233459208894,42.27679157688101,56.63450145725347,70.89275449973172,0.00026188792863590215,0.0,0.7384415534188515,0.4471387539883591,0.225001257471904,0.48672145185538723,1.1039240657044105,3.290452275814117e-06,0.05848751390152664,101.5108343438166,3.382063995056616,100.45271711119821,101.34552123006041,102.18299816754103,1.044620410330991e-05,0.03194823576989182,375.8701378584368,40971.56731590392,218.58230054206248,357.6941031429552,526.8576675572108,0.000670717834813815,0.012637751491254677,408.75401085510765,1916.4417046413578,377.53865269823626,405.6607125155281,434.89219580567624,-0.0010130602723605463,0.0381154584976241,1,0.48168962397866133,-0.5339341744044964
DEV_067,25.328846599870687,13.083579516424226,23.073315729658397,25.428811706343186,27.484372463449702,-7.356216806064254e-05,0.02937738246505718,56.2537423089954,263.1470132490806,42.093072784600665,57.11907993952676,70.04290091480497,0.002252800376171715,0.0,0.6176314818568669,0.46365062187968836,0.1775927233167246,0.32972917166432486,0.8652688258676277,-1.8217444354091095e-05,0.060330368487928845,101.45996436569932,2.8425834109750627,100.38860535927553,101.33771717353586,102.15574964136114,-3.869255223536607e-05,0.03749234850030606,423.2145270166614,57391.414042835815,203.61722997347604,403.6877307482259,664.4481621088917,0.008649441379691888,0.0,404.5713888844574,2322.751417657195,371.03778379961375,402.25053219018935,432.7637244014285,-0.0005143431259775057,0.03395171537484117,0,-1.5224041775024704,-0.07469128354088243
DEV_068,25.65530120836916,16.047836100530205,23.33840473385874,25.117065626269138,27.463358499540334,0.00018918429232353336,0.036376532576755494,57.46891648636607,280.95484444643125,43.5502798651371,57.52549697097933,73.18222074855501,-0.00938760893395653,0.0,0.8723258718638011,1.1897980737689218,0.22746148574883687,0.5608354124859595,1.128417746885198,1.969545295001955e-05,0.03095551727631979,101.83069270508464,4.800262202793028,100.74019440989514,101.46105163358934,102.15237930740327,1.5538551342994825e-05,0.04701590840004053,410.15220799550787,55817.35841988666,237.56959311082156,421.1512043452405,619.1092680490892,0.0031932643016349647,0.0,398.320626545109,2801.7377876286223,367.24173125930025,390.99138567076903,423.2486149929785,0.0012232959908062132,0.041898875265984396,1,1.7418907777912271,-3.7921557792774236
DEV_069,26.261023808173398,22.520351409296424,23.469634518331507,25.704057629095413,28.16548792713656,3.6482426776817626e-06,0.04225138051573028,54.84162983939706,271.0037336875422,41.27055117805201,53.98918768907781,69.16844412110308,0.00488728740460169,0.0,0.7344920654498707,0.4354364530715829,0.23775552574328743,0.5213824965840429,1.0709154358292883,-1.0312809028173839e-05,0.048989310502051776,101.8394320387753,5.81472351173224,100.58977936522965,101.49600115438652,102.43845864291491,-1.600663171954667e-05,0.043872536602664776,403.0291175401167,54315.69120120472,182.49828037480825,420.71255507777033,628.1507948446169,-0.0030886103768206193,0.0,415.13187761029434,4589.548545666579,372.3357653706182,399.69800690442065,437.68084818098436,0.00046140285173119206,0.05587922387152338,1,6.315555190932286,-1.9193047062361284
DEV_070,25.772231465408428,16.833231606186104,23.07249468911143,25.53327945321167,28.09780991411283,-4.599769362796784e-05,0.03043632135092775,56.679347437769444,243.19445145037076,44.86567160882626,54.29483148975686,70.9695294231189,-0.0019464778636955201,0.0,0.710380563465164,0.7096569337489307,0.23067205797088985,0.519754411063691,0.900708892470909,-4.037751778234449e-06,0.03149805349107639,101.65051389592945,3.6400627085824864,100.69180721673771,101.45411531877737,102.30785630919567,2.9032744762343528e-05,0.03033520400424693,413.5144671344616,48496.50023976329,233.54245930128008,447.948662622922,586.0437738347508,7.647091002259915e-05,0.0,405.54597746763443,2623.6959428272553,373.43173780023216,399.412875631438,427.96196810774734,0.00041878961587115435,0.036958390211840844,1,0.8450538725681056,-1.495630205676893
DEV_071,26.109104280403855,14.895922594056206,23.913926385291965,25.704427894923622,27.60267383148113,-3.379336972725916e-05,0.03500225983026164,57.24785646365212,226.43359552642542,44.919786332914505,57.21229567332651,70.04134231161257,0.001280731565181364,0.0,0.6490506155092748,0.7385937982542821,0.1917164412331813,0.3490236140247493,0.8022852794696422,-3.3854332940713724e-06,0.037551595691130576,101.71401015207749,3.550341688899951,100.66512110461088,101.48981671252426,102.44813622825379,-4.451314674019627e-05,0.04379048862552102,396.1346427803424,42805.29839283353,265.20638008524674,394.22932283413456,559.6954059935501,0.0034552441834931336,0.0,406.07989411666,2747.9345167061333,375.8125219487759,398.15175596171684,430.1523337421951,0.000231196298527669,0.03766383769396876,1,1.027774989260431,0.4736178430303799
DEV_072,25.599508951163543,15.903744669998382,22.95104572732593,25.073566855357225,27.381287032382726,5.4415276361838545e-05,0.03976163052731734,56.569980474085924,296.7314422318996,41.84861912984332,56.43385135936227,72.81470650350667,-0.006796420061805816,0.0,0.6542260483408987,0.4068549174135874,0.2157658845164847,0.45347136424803614,0.8575687944473281,5.846792868607954e-06,0.06704556885625189,101.81572363579784,5.8675033976735795,100.55288387082551,101.28523286072367,102.30548027731516,7.86560525048792e-06,0.05218088036456508,408.4362177738321,45775.66178617863,233.4381131435677,406.8169467509321,589.1762131662218,-0.007972324081660704,0.0,406.3116794752388,3282.295127198551,372.8097018379061,399.9373070498511,429.0389786049734,0.00017914061734609107,0.043968150633481896,1,1.7221491925982966,-0.26304543058265123
DEV_073,25.55721539862025,12.59608185952423,23.387325696219676,25.536263833080877,27.640771100915487,4.675959349306646e-06,0.036281179138321996,55.6557012309809,250.97620248124053,42.19932036866338,55.243348550162025,69.03657661657624,-0.0023366866023397967,0.0,0.6938825055614247,0.855075879378972,0.20470012783316824,0.45295270831857654,0.8238499899108976,1.3321476576709659e-05,0.024943310657596373,101.61038246657321,2.917767776476489,100.60425485279832,101.52709984992359,102.47096519333341,1.8664921421340794e-05,0.01945074326026707,431.22804303302286,48331.37121924627,260.9889216296282,421.0275516497328,619.4408819076679,0.0023795292810317235,0.0,404.70965310692276,1946.8032802009025,377.02019691674843,403.2264400001733,431.4462613191833,0.0013092149359059562,0.025396825396825397,0,-0.38028695355965336,-1.3971882025666726
DEV_074,25.73639913512006,10.95888044645251,23.473452632930226,25.695856942437413,27.908079260961237,3.164261600171122e-05,0.022456069684305927,58.40088691899896,264.5072137964626,44.30370572786355,58.4356603254322,72.26118836593602,-0.001446884736692758,0.0,0.540752892376766,0.31084481586273843,0.1587662999050408,0.3826465884997622,0.6899572873319224,2.918671254528521e-06,0.02713861336287196,101.57875886958975,2.831300142290221,100.6248578598763,101.4061950497468,102.21929706746064,-6.631129829783547e-05,0.026081264790292533,428.17808538526924,47836.23444665899,255.9047045375191,419.430215970106,617.7548395907303,0.00224105565924782,0.0,404.6347203102397,2495.7614710863622,368.52618817073756,400.4943977841481,431.6473535719774,-0.001126694242235031,0.030663108604803382,0,-1.9029475817989419,1.3970896849131913
DEV_075,25.578775153265457,16.44530002358133,23.338160927622166,25.24401211020348,27.67954942212855,-9.481458847573455e-05,0.03290034605546918,57.95189897906902,254.8850520548235,46.53143083936996,59.0449221151017,70.44869095301509,-0.005976876712932999,0.0,0.7106301449785736,0.609722901418427,0.22638765878404096,0.5084249472878408,0.847498692431532,-7.517438288690396e-06,0.035558453282511664,101.55753354492612,3.5482431497252023,100.57467650910218,101.38157099437272,102.20337762819533,-1.7738688933361106e-05,0.03254927528963338,391.2968046044338,52759.0963276537,172.5457130597901,355.09684218558664,603.2682855574108,0.001297673465464055,0.0,407.78829895621527,2593.2553487001187,376.7516314377388,401.46141257128374,429.55121305891083,0.0007489638056862742,0.03686243041275891,1,0.6396778168813018,0.20026637828248298
DEV_076,25.33157838089832,18.1554968815332,22.436021564325728,24.946727271870497,27.757751759208613,-9.531817491989317e-06,0.03712635016327556,57.224297422209254,262.81620358122063,42.5063589647838,59.75200440441447,70.20481446248473,0.0034741917094990864,0.0,0.7783098938481553,0.8390959515140629,0.20515519832304074,0.46612455997894875,1.029303778766674,-1.8735858333556879e-06,0.03793016829942226,101.37218588925398,2.276488991420564,100.47057590761406,101.26120382069962,102.13760200022409,-1.5539283612477217e-05,0.018889726199447374,447.41938209413297,48331.47799566785,273.2403459260506,479.6596725521315,628.5168894454102,0.0019645240189786134,0.0,409.7209445150227,2188.050127234178,379.30433883604485,412.0346119243502,436.0748614845096,0.00043863372714998884,0.01808590806330068,0,-2.1551961229816627,1.1756185501204228
DEV_077,25.82189775737764,16.038148045435552,23.171974529943206,25.656074497582697,28.16027323627245,2.3775855085802466e-05,0.025116941224323775,57.262466754773925,262.64052415237416,43.01242535578452,58.11523582534171,71.28357704566531,-0.0003508817694419001,0.0,0.6545272112794971,0.9002390839972807,0.18082947869953536,0.3401105380227616,0.7475324004124994,1.6302394079301205e-05,0.03426886312792353,101.40438027353612,2.811377347125623,100.51971421666613,101.22002396767766,101.95993184654384,2.4856429669283243e-05,0.03523489932885906,409.751064168196,60550.160928534475,178.00019800336267,434.1542473972649,656.7582742636264,-0.008658924073854598,0.0,405.96574996041846,2098.083530366414,378.23600979159556,401.93455303855137,428.2828817133155,0.0007489679416773028,0.030658938377059183,0,-0.47326077215622964,-0.1816785380143881
DEV_078,25.522482759178214,9.523381247713466,23.48853775330324,25.369576283174602,27.352158707356736,2.2459287238311776e-05,0.02530549898167006,55.502971677432825,257.05975151966646,41.93430192805236,55.29523038768185,67.2119679712632,0.003653800114372467,0.0,0.6676464090402487,0.6235266297243478,0.1659515270642649,0.4069488652438281,0.8975576371770722,2.3079472585579116e-05,0.03273930753564155,101.65604014511267,3.37673587121178,100.64937899312685,101.4562531454873,102.30927873860651,-1.715042414294549e-05,0.029633401221995925,438.46599590600187,52081.38589631532,234.09336865608856,447.2357762784595,644.5518409996624,-0.007346653264860334,0.0,400.59830892450134,1961.7538575681285,373.25631044709,395.2621308665814,421.28167283754505,-0.0006054789078667702,0.03277936378466558,0,-1.3777399986988532,-3.392898240729977
DEV_079,24.731409062084186,10.425525447460776,22.593902528632416,24.579573446125938,27.04720290192106,-3.553904250470361e-05,0.02637817118071317,58.85588046438639,282.4582041445088,43.5481965991886,59.66458294897632,74.59362828810188,-0.0017236597771222888,0.0,0.6702107281240653,0.30533357919079374,0.2671101865734721,0.5448695710791058,0.9215863234091219,-1.172564156487369e-05,0.048166641448529786,101.30820533688437,2.6385427796748337,100.38887103825806,101.09559530600215,102.03701108894587,-3.0708963986983464e-05,0.025066828062742724,423.7636941477877,42128.39713957406,275.31809646723684,397.47352183071314,596.6120411222267,0.00292073372038217,0.0,401.8650394809798,2473.9773713831473,367.19975389541474,396.50470313586504,432.5117394797056,-0.0014131261459547648,0.028446058405205022,0,-4.536670579533525,-0.26102074824236604
DEV_080,25.35147251748522,14.0458481936522,22.959013822404682,25.134072272691153,27.567666080644504,-9.190613209777194e-05,0.02733542955675018,56.50176914960531,265.39552039946034,43.54501070444354,56.35324985341813,70.65464835715792,-0.00040704035966067674,0.0,0.6758406244600565,0.9109937567266253,0.16046872989580316,0.38567249198661174,0.7998356730727694,2.4731533597690397e-05,0.05786590932143219,101.6111616243113,2.689469242514062,100.65198589008985,101.53739771428555,102.28196514631472,-1.7552273661558543e-05,0.03281265848463333,412.235617494228,47434.93002035968,243.90434279287493,421.08054753183694,587.0079748943178,0.0002201451216406037,0.0,405.16704150535037,2280.015741110182,377.23294058678175,401.81678252296496,428.9835920885598,-0.0003599820201960173,0.03149406633532813,0,-1.0711869869712967,0.1705429415636968
DEV_081,25.074821220167287,15.647642971514415,22.632697136139768,24.63735719189335,27.046711068550607,4.299657334292492e-05,0.03530241224757013,57.793339652177266,223.7112912199867,47.34255023153027,58.8410597108864,70.85457354540125,0.006701472436188555,0.0,0.6196424280210331,0.8054195035593426,0.12521049128834894,0.3620122864656549,0.8973225533322726,-1.3696827926289035e-05,0.03192828725386514,101.81114855056002,3.8270593467740253,100.74170982184663,101.5120372215189,102.46650553258803,-2.5789442958163608e-05,0.04179886186231556,422.42438806542566,55395.02804733717,208.60653403756635,428.88366192349855,632.4298533146153,-0.0027114119041487,0.0,401.14573960606566,2700.5261129240457,365.57723337393196,398.0268057444286,432.76962344991165,-0.00037249444587667056,0.033741249937049904,0,-1.3561945033830487,0.5816058825103715
DEV_082,25.860826433678277,20.063710782807327,23.155053824441744,25.36361831023624,27.6452600549991,0.00013657417920508972,0.032486949470376565,58.62594897643909,259.305557313872,45.65187689097284,59.72237430317044,72.58469416861786,-0.002179499018571936,0.0,0.5832710619219212,0.4503680677464921,0.18766758211247606,0.4222273834573532,0.6856016702045583,3.0499335662187304e-06,0.03263899447569814,101.96841907552276,5.338956154643412,100.6965973219686,101.57628163047355,102.43076691153148,3.394737455061168e-05,0.05620597030054229,419.6890300534375,60535.8523082114,207.34041768773477,419.6032648831932,636.8973970818911,-0.009128057969567045,0.0,417.0546192461854,2427.1841077832864,384.346289552607,412.99812150160597,443.8663496083094,0.0007136948217048712,0.022857432466676802,1,2.5127051757844994,4.916221964683046
DEV_083,26.70548828137801,16.616280063513294,24.059143541522925,26.419895862635173,28.388117844304702,-5.8775852232589694e-05,0.04152983377961906,55.37344125616718,273.2416855696585,41.85903903960096,53.94022119299664,71.30425713833696,0.0009110612098057904,0.0,0.6825596761149855,0.7395789724097483,0.1782280244809748,0.5240075515315099,0.9312884084601877,-1.7592953206226404e-05,0.022836356287576416,102.1655179147158,6.438800365805649,100.81364827323159,101.78057437424968,102.67828627771583,-4.7591128901614594e-05,0.05052291214065579,403.4844274687968,57393.61905491804,195.7476796555447,424.58113050152366,612.4344945879186,0.0068764862978869185,0.0,414.90483346072665,3020.7585802038466,381.0239898360637,409.78016099162977,441.32096483008877,-0.00040594719980217907,0.039155256909008236,1,7.111106794721716,1.462701150271967
DEV_084,24.8928131455431,10.514737593667812,22.668817757244362,24.881280396289853,26.79841280159278,9.785846983039552e-07,0.02696844439963706,58.488181067643005,254.5917593571316,45.3140108240082,58.803919753915665,71.77152037664447,-0.0022490350700536386,0.0,0.6494508660272116,0.47270701956344496,0.21161648779942693,0.4254072837711666,1.0372863018588008,5.548371271870686e-06,0.03609234801895352,101.38289998553184,2.260640713699772,100.4414282937138,101.23348732898256,102.14179844373669,-3.582801338857543e-05,0.018953523540679505,441.8103771687238,49042.550810052606,267.9527349339822,415.8250595665417,642.0029382839731,0.0002480941868445309,0.0,399.53789522021043,1728.1157705264834,373.0875160954199,400.0593277623701,423.7954979763497,-0.0002898222071467502,0.026413953019457606,0,-5.006754595892962,-0.7133781571394168
DEV_085,26.183680659429527,19.380928416074163,23.44977143237823,25.644117014157487,28.168957585265474,0.0001537802424507267,0.03740434957712445,56.6639045555022,276.1930384163275,43.18115086968162,54.78001393539965,72.44050045300231,0.0010696057344449046,0.0,0.619533996784022,0.3846517331822724,0.14433601051503922,0.4372938684565314,0.8604849490175197,-1.9899169105588773e-06,0.03639750302053967,101.8447421450102,5.357534584216915,100.62973179374588,101.41235856581342,102.50953114083978,2.6307737592259474e-05,0.04384816753926701,369.4340583595673,52536.43246721787,167.73799534067035,332.3698616377493,588.5647792178114,-0.002179443244278339,0.0,403.75584252241737,2437.607853154387,371.02244330842586,399.3310625233272,423.206427955319,0.0004885116092313253,0.039569069673781716,1,3.451417231097964,-1.0046525503304475
DEV_086,25.451403871304432,17.871125834812542,23.12923710175835,25.360910965286337,27.753129809424465,-1.159146982693962e-06,0.025518987341772152,58.40087750642722,237.3287208080923,47.153593156001776,59.947861291238965,69.42429459283571,0.0009449727392123865,0.0,0.595293836777251,0.3533203023962585,0.23113122651413842,0.3681687852557338,0.844588065342025,1.6976921348982013e-06,0.05660759493670886,101.65663552206732,2.653768948542039,100.71279067633813,101.42285782426401,102.28066075814003,4.5949082147195e-06,0.030632911392405062,405.4687455359174,55423.65664855723,204.4137756698548,393.1033065873996,617.4512913459304,0.0025798370464277607,0.0,406.0321618712215,1736.6444467184651,379.92275545491145,402.9097199972814,428.74168652432286,1.4606274729956163e-05,0.02648101265822785,0,-1.3225239445712396,1.3614580589546015
DEV_087,25.397666843524338,15.413382510118554,23.01134176231021,24.941883978453625,27.261791403205084,-8.069374245740008e-05,0.04016044121333667,56.288442230718424,265.4168130105958,43.3794005433591,56.42328450789056,70.21533717317288,0.002320521342763165,0.0,0.8079466409726127,1.9395927044791517,0.20226617005503106,0.5966205811705481,0.9851203530321588,-7.946384881966563e-06,0.018932527693857,101.8549630126815,4.183879959327153,100.80192385434512,101.58430356048378,102.52428217363055,-4.6945449752124525e-05,0.03539734269240411,431.575251018324,56790.0275183411,218.6797275822102,437.2538846467563,667.6486984115684,-0.0018226829638404282,0.0,409.0427213952229,2137.6702479564033,379.00741886503016,400.7742604423223,431.99170545188514,-0.0011997238524726816,0.042266232138380544,1,1.7615202357684174,-1.3120557606273513
DEV_088,25.8107410965081,13.776147480394023,23.41162310306796,25.960705290199055,28.067569245117056,-7.702435493299241e-05,0.022753470656041698,57.50994967333421,280.08884590216775,42.63752887537514,58.51153753613688,71.36525189052148,0.0027075934247684508,0.0,0.7648992084496583,0.6779657837737112,0.2208734736990989,0.4693891685496311,1.1084219038160554,-6.054855958552127e-06,0.024006415075427254,101.47921635091635,3.139534633920359,100.55884019456627,101.28753794418412,102.25358809331466,1.996638240630974e-06,0.027414423896155966,418.7484836638045,46091.670131503,243.2612234215692,400.2823262562866,609.8845230923419,-0.005747522679521064,0.0,404.4846197674454,2488.7225267715144,373.6078581988292,397.5739666707655,427.4819282583486,-0.0003883061076521835,0.03513256151957099,1,-0.023596259240253846,-1.8992249206969989
DEV_089,25.49643451555496,10.810029912490668,23.55802177114967,25.148214729538644,27.05116822656305,4.80588643829548e-05,0.03297749711822784,57.69725248399507,228.7273011975398,44.97288045681629,58.62573882176942,70.03275612969756,0.0038018869142647546,0.0,0.5733552273068666,0.3413185588204156,0.17326196530267027,0.3768563790045258,0.7559662747638216,-4.5618058866546647e-07,0.05603167443492207,101.57457916741123,3.484634642090659,100.4790562292958,101.40837926480384,102.27153892091992,9.309961120784715e-06,0.030056701289578002,404.2679096190542,50952.413047112015,187.994396428689,365.2272604423344,612.1699931032518,-0.011522716126591823,0.0,408.3911617704361,2435.9559480484645,380.96368607230886,406.17959825610745,435.0007420910148,8.042371445158784e-05,0.03232596602014735,0,-1.004238608310911,1.5389906369951283
DEV_090,25.325925529024982,14.413029071523077,22.71205941910883,25.021127313348686,27.58286453416094,-0.00015454829307826436,0.02504526252263126,57.48217467660851,291.81764017426497,42.86210793292008,58.869052500218494,73.03245842641908,0.005520432403527833,0.0,0.774074762792385,0.5525729627372808,0.2115465235965452,0.49901111954164107,1.205295904681977,-1.4053921777369048e-05,0.05014081673707504,101.67721012112095,4.33099465341875,100.59459898706447,101.43059692088198,102.24544324038837,-2.3506824874395844e-05,0.03686381009857172,432.7098136503503,55511.42989828941,225.1517722199439,456.4442000821202,636.6894483192008,0.0035366675279913597,0.0,408.5634291984625,2220.6459242818114,379.5436603447053,407.7243202726276,434.2563521627563,-0.001144012610296086,0.032186682760008044,1,-0.2549944340334388,0.9012343222276774
DEV_091,25.629772284386625,14.695394311530992,23.32456109226521,25.344182995684342,27.75633944110637,-2.83303424494844e-05,0.03586158334171612,56.643403677742114,267.4706535744817,43.014752664955296,55.78462548204081,71.4076736326528,0.007310250233100174,0.0,0.7203954662478189,0.9719307489500654,0.18742049145044418,0.42108157978555216,0.793013955165739,1.967357671007873e-05,0.0348053515742883,101.63274536424075,4.114113732392609,100.32268158048424,101.25101940501074,102.45206014940891,-1.3594671278485154e-05,0.04385876672366965,377.42070978923914,49777.27619549493,144.99258883302917,353.12425530658106,564.0437540384788,0.005517481752101925,0.0,409.5290268970068,2922.1228176912623,375.2908823413959,403.74169459189983,433.22804193725983,0.0012415965521722844,0.03958354290312846,1,2.4673353166456393,-0.1826513730028075
DEV_092,25.65682004089497,16.00370898677082,23.28836213214162,25.328887155738133,27.50919836587766,-1.3991938018188157e-05,0.04192882669753863,57.33280984139821,268.1154227262911,44.3429707754034,57.11943576768972,70.58930895888025,0.0026090995364811006,0.0,0.7590584809462912,0.6010989914470775,0.2561914890534472,0.5743831959846208,1.0406092213951796,-5.945980731289307e-07,0.02899280213419238,101.7201028050022,4.3851030078009385,100.68480215752368,101.36775943294533,102.09606594120172,-6.853192707447759e-06,0.03216388986761967,410.5770534231579,54707.778413721746,212.30473970950533,431.35143788799496,621.0756898153096,-0.0018133293002792537,0.0,406.4725605112023,3383.4772069302944,368.426736248049,400.5293723867604,433.15796941620135,0.0008579500740223114,0.041475814164191875,1,1.7496103608536748,-1.9110426415903834
DEV_093,25.150321606908495,13.543388375496239,22.993717624733165,25.424694728102345,27.50006310625061,0.00011030567245891587,0.020751037551877592,58.55898120450395,259.0623639696709,44.79346239389669,59.62036241617121,74.1899825802906,0.007356669781938473,0.0,0.5912964837311034,0.3650000650564393,0.22638539749389042,0.40057505910523167,0.6993109237116997,-1.1378611221748257e-05,0.05230261513075654,101.56583904929457,2.0835438248829874,100.59356401863187,101.51082985807626,102.4462142576447,-6.0670480300620685e-06,0.025251262563128155,408.9107735526922,43323.01205658275,212.26670809987576,391.4881220450254,576.7144028436829,0.0029263924402374393,0.0,402.0575596476488,1531.058370995225,376.121826831725,399.85517622345947,423.85326340333484,-0.000548186861781767,0.03770188509425471,0,-2.585629036429152,0.756634170090671
DEV_094,25.744473151120143,17.82392985914824,23.16806074194764,25.209741511113517,27.7822038985094,-0.00011882086740905632,0.03619749596122779,54.42392865592575,257.94083233236773,41.24941906962254,52.792910423991785,68.53376869169202,-0.0008218625931206485,0.0,0.710790154095487,1.02261191042562,0.18161066368300344,0.391833523301787,0.8645846541531236,-2.8348035026551e-05,0.020749192245557352,101.76836122542551,2.9174422447112898,100.75106713561203,101.4135775921927,102.55306858177174,-4.0714405618839864e-05,0.036954765751211635,444.324513645645,51647.57586805836,252.42182224362497,459.6596570659493,634.3706682447615,0.0018527289671515699,0.0,405.75514623993536,2489.7105270782345,373.57170470697747,403.3773699108483,426.5966801783929,-8.399398610306064e-05,0.037661550888529884,1,1.0235150507174726,-1.7130306996065567
DEV_095,25.399373470887024,18.494843150203355,22.393405273524525,25.1465713005708,28.037809856730323,6.959883785445533e-06,0.02669280651485447,57.650679670405125,269.66225465472843,43.69770082096783,58.395768482344494,71.9764378398167,-0.0024659029114895777,0.0,0.5674867558737037,0.463941641046351,0.1574381060097408,0.32626599484175545,0.7787310934710064,1.1528510425884302e-05,0.0414718745287287,101.44734149324674,1.6016010980368742,100.62570514473595,101.35467726151785,102.2755240511624,-2.1454747588722547e-05,0.021716181571407027,444.98368174924303,45800.25899781895,270.8218726242843,460.6512693350627,628.8118983284793,-0.003911257977563677,0.0,402.7875779311408,2197.705895553803,369.7913059543905,399.8175284330925,430.8368863297303,6.231675701537116e-05,0.03719901472879907,0,-2.869378297529677,0.8888530639608625
DEV_096,25.551037033519016,12.718235613713686,23.01196570242268,25.460622509968942,27.663810567006788,-3.0687267242553546e-05,0.023258175908998577,56.48417254438872,257.43380737239147,43.36430007144489,56.88302603493918,69.3078042280679,0.003193022697826467,0.0,0.6460168862782999,0.7372799780256756,0.1751487973099143,0.33861561175955585,0.7800741072201223,3.4958472314721174e-05,0.05707901685963843,101.19955258276924,1.841814769624448,100.22338577633624,101.19571661663309,102.07682734440769,9.044126941675076e-06,0.013254113345521023,402.68241732176125,52150.39360676511,227.52117938639304,363.7492633893641,593.2585805355316,-0.0006374119872556056,0.0,403.5206424794664,1970.8384298505061,375.61628009978403,407.0398629253398,431.84537294807706,-0.0011189095264592466,0.02371521430022344,0,-2.8274077178798533,-0.14384253598598518
DEV_097,25.879220974948485,21.97005924777227,23.021225948554985,25.296161245770705,27.843343916250166,2.9920531108261155e-05,0.05224597039058158,55.9587971107662,261.2515633789375,41.047646760650665,56.18001574974621,70.46896491637615,-0.00033061314666483864,0.0,0.6992958283712991,0.8015393479539087,0.18240941109422928,0.4555084301965042,0.9897380817020185,-1.7065221187647276e-05,0.01899853468748421,101.73769308735415,5.078794350404095,100.54284253084067,101.16338928897505,102.21088928065262,6.717916960891513e-05,0.053660754888585724,394.64513821991477,51292.34467966724,209.61186523481476,397.6019867765648,583.2966192588641,-0.005685185927314251,0.0,409.0953922359569,3114.1025220009014,372.7374462841408,398.78381902828824,432.8970782276695,0.001094237376034839,0.05224597039058158,1,3.901367531633293,-1.2294205027842602
DEV_098,25.215752582222876,15.679270291312703,22.626718788198684,24.851534995106316,27.30178738734172,-0.00010537361742457442,0.03220742391249304,56.247274470118455,269.81691477982145,41.29671066242073,53.673266691267344,71.44462635101206,0.001127434048389245,0.0,0.7743212867556017,2.183617500206212,0.22602346248094599,0.4850223960604951,0.787509386468975,-2.447372121432695e-05,0.01782549247987036,101.43367992229126,2.023166816298129,100.5774853781567,101.3468079187402,102.27963250295315,-1.8368765551731932e-05,0.02846001924342938,405.7581872932849,43340.13885064438,239.3546388738636,381.6936383636343,565.0232507281245,-0.0028577740022337227,0.0,404.0432428258921,2304.8548549438283,373.6741399216978,397.6870656045633,428.5081125266557,0.0007790770399464584,0.03387856383248088,1,-0.7743817788421837,-2.620889961705914
DEV_099,24.89560886875906,16.604584717966617,22.017173467923016,24.616028857538772,27.342554004369063,-2.6123545926247202e-05,0.029475596830363902,56.5677649188409,246.55863219311036,44.34691147843496,56.88494972575069,68.74367851395141,-0.0004608658271503817,0.0,0.5981947489245069,0.4233993715861439,0.1550568798740046,0.3934533268960848,0.819557860844439,-1.1280487514315974e-05,0.04754454146267602,101.68328959557779,4.35580366247659,100.54100085993888,101.35481266644987,102.2786205215834,-3.271615955288442e-05,0.029727956392267704,458.18532358145166,56742.71307743623,220.14327293030777,481.8894721052976,699.2578016409615,-0.001177196849911399,0.0,409.27760126646865,2052.04537016418,379.14098257310576,408.58828234207255,438.217571289445,0.0011693102619956231,0.021147731287538486,0,-2.473756252671914,2.0190967715109296
DEV_100,25.934537406590273,17.364690240026608,23.17383258963282,25.58399987282668,28.00782451967709,7.411972557596036e-05,0.0381457749299159,56.08479718444045,257.6380847104774,41.687206872291796,55.76498886795368,70.28910112778857,0.003903728653133652,0.0,0.7802251063173351,1.9547323494300997,0.2049920708548651,0.49951028620045623,0.9149337085170972,3.884608507750533e-05,0.012665198237885462,101.43003389082904,3.0036424441802856,100.3884227119883,101.21017438163011,102.02239208896914,6.127694973756305e-05,0.03524229074889868,435.7611319723611,57894.68108893638,193.19202645949375,491.2864754875257,651.3557432400899,-0.004118086812033802,0.0,413.7907866062994,2678.038005914456,388.84732429723374,413.3955886426031,436.85789986731464,0.0014604165099130562,0.03434120945134161,1,2.1378936266109445,-0.21112705589687905
